title,url
민간택지 아파트에도 분양가 상한제…사실상 부동산 추가대책,http://yna.kr/AKR20190708076700003?did=1195m
"윤관석 의원, 도시재생특별법 등 대표발의 3건 법안소위 통과",http://www.asiatoday.co.kr/view.php?key=20190709010005706
[기자출연]미분양 '속출' 원주 부동산 '악순환',http://news.cjhello.com/news/newsView.do?soCode=SCM0000000&idx=255523
대전시·충남도 혁신도시 지정 한 목소리 낸다,http://www.enewstoday.co.kr/news/articleView.html?idxno=1319738
[文정부 부동산]① 거수기 전락한 주거정책심의위,http://news.kbs.co.kr/news/view.do?ncd=4238272&ref=A
대전시·충남도 혁신도시 지정 공조,http://www.daejonilbo.com/news/newsitem.asp?pk_no=1377605
"[IR EXPO] 한국토지신탁, 시장점유율 1위 부동산 신탁기업",http://www.etoday.co.kr/news/section/newsview.php?idxno=1774022
"미래새한감정, 선명법무·회계법인과 부동산개발사업 공동 추진",http://news.mt.co.kr/mtview.php?no=2019070907490257053
"[더벨]웅진그룹, 웅진플레이도시 매각 잠정보류",http://www.thebell.co.kr/front/free/contents/news/article_view.asp?key=201907050100012790000810
"제주영어교육도시, 국제학교의 교육환경에 최적화된 명품 타운하우스 ‘하이에...",http://www.kbsm.net/default/index_view_page.php?idx=247891&part_idx=333
민간택지 아파트에도 분양가 상한제…사실상 부동산 추가대책,http://yna.kr/AKR20190708076700003?did=1195m
"윤관석 의원, 도시재생특별법 등 대표발의 3건 법안소위 통과",http://www.asiatoday.co.kr/view.php?key=20190709010005706
[기자출연]미분양 '속출' 원주 부동산 '악순환',http://news.cjhello.com/news/newsView.do?soCode=SCM0000000&idx=255523
대전시·충남도 혁신도시 지정 한 목소리 낸다,http://www.enewstoday.co.kr/news/articleView.html?idxno=1319738
[文정부 부동산]① 거수기 전락한 주거정책심의위,http://news.kbs.co.kr/news/view.do?ncd=4238272&ref=A
대전시·충남도 혁신도시 지정 공조,http://www.daejonilbo.com/news/newsitem.asp?pk_no=1377605
"[IR EXPO] 한국토지신탁, 시장점유율 1위 부동산 신탁기업",http://www.etoday.co.kr/news/section/newsview.php?idxno=1774022
"미래새한감정, 선명법무·회계법인과 부동산개발사업 공동 추진",http://news.mt.co.kr/mtview.php?no=2019070907490257053
"[더벨]웅진그룹, 웅진플레이도시 매각 잠정보류",http://www.thebell.co.kr/front/free/contents/news/article_view.asp?key=201907050100012790000810
"제주영어교육도시, 국제학교의 교육환경에 최적화된 명품 타운하우스 ‘하이에...",http://www.kbsm.net/default/index_view_page.php?idx=247891&part_idx=333
민간택지 아파트에도 분양가 상한제…사실상 부동산 추가대책,http://yna.kr/AKR20190708076700003?did=1195m
"윤관석 의원, 도시재생특별법 등 대표발의 3건 법안소위 통과",http://www.asiatoday.co.kr/view.php?key=20190709010005706
[기자출연]미분양 '속출' 원주 부동산 '악순환',http://news.cjhello.com/news/newsView.do?soCode=SCM0000000&idx=255523
대전시·충남도 혁신도시 지정 한 목소리 낸다,http://www.enewstoday.co.kr/news/articleView.html?idxno=1319738
[文정부 부동산]① 거수기 전락한 주거정책심의위,http://news.kbs.co.kr/news/view.do?ncd=4238272&ref=A
대전시·충남도 혁신도시 지정 공조,http://www.daejonilbo.com/news/newsitem.asp?pk_no=1377605
"[IR EXPO] 한국토지신탁, 시장점유율 1위 부동산 신탁기업",http://www.etoday.co.kr/news/section/newsview.php?idxno=1774022
"미래새한감정, 선명법무·회계법인과 부동산개발사업 공동 추진",http://news.mt.co.kr/mtview.php?no=2019070907490257053
"[더벨]웅진그룹, 웅진플레이도시 매각 잠정보류",http://www.thebell.co.kr/front/free/contents/news/article_view.asp?key=201907050100012790000810
"제주영어교육도시, 국제학교의 교육환경에 최적화된 명품 타운하우스 ‘하이에...",http://www.kbsm.net/default/index_view_page.php?idx=247891&part_idx=333
